{
  "sequencia": [
    [
      true,
      false,
      false,
      false,
      false,
      false,
      false,
      false
    ],
    [
      false,
      false,
      false,
      false,
      false,
      false,
      true,
      false
    ],
    [
      false,
      false,
      false,
      false,
      false,
      false,
      false,
      false
    ],
    [
      false,
      false,
      false,
      false,
      true,
      false,
      false,
      false
    ],
    [
      false,
      false,
      false,
      false,
      false,
      false,
      false,
      false
    ],
    [
      false,
      false,
      false,
      false,
      false,
      false,
      false,
      false
    ],
    [
      false,
      false,
      false,
      false,
      false,
      false,
      false,
      false
    ],
    [
      false,
      false,
      false,
      false,
      false,
      false,
      false,
      false
    ]
  ],
  "sequencia2": [
    [
      false,
      false,
      false,
      false,
      false,
      false,
      false,
      false
    ],
    [
      false,
      false,
      false,
      false,
      false,
      false,
      false,
      false
    ],
    [
      false,
      false,
      true,
      false,
      false,
      false,
      false,
      false
    ],
    [
      false,
      false,
      false,
      false,
      false,
      false,
      false,
      false
    ],
    [
      false,
      false,
      false,
      true,
      false,
      false,
      false,
      false
    ],
    [
      false,
      false,
      false,
      false,
      false,
      false,
      false,
      false
    ],
    [
      false,
      false,
      false,
      false,
      false,
      false,
      false,
      true
    ],
    [
      false,
      false,
      false,
      false,
      false,
      false,
      false,
      false
    ]
  ],
  "sample1": 5,
  "sample2": 6,
  "regioes": [
    [
      1.904282258751805,
      2.7204699941869714,
      2.848394721398567,
      3.086673552284237,
      4.950307196562835,
      5.1649400694508,
      6.461221625492302,
      6.730292751417302,
      7.33038224888208,
      7.914106320967055,
      9.399118405739722,
      9.710673956211034,
      11.701860706913557,
      11.967683571784464,
      9.93257906256673,
      10.128915138049816
    ],
    [
      0,
      0.9069244539921248,
      2.5908002844759426,
      4.526744640876592,
      4.983140842843235,
      5.1977737157312,
      6.182135632108897,
      6.5825413431555,
      7.39604954144288,
      7.979773613527856,
      9.087198766075918,
      9.825591718192438,
      11.701860706913557,
      11.967683571784464,
      10.540001518754138,
      10.736337594237225
    ],
    [
      0,
      0.44760202909941943,
      2.8370526315789473,
      3.075331462464617,
      4.950307196562835,
      5.1649400694508,
      6.461221625492302,
      6.730292751417302,
      7.33038224888208,
      7.914106320967055,
      8.824965374623842,
      9.136520925095153,
      11.701860706913557,
      11.967683571784464,
      10.30987962587145,
      10.506215701354536
    ],
    [
      0.8960250957499383,
      1.8029495497420613,
      2.8370526315789473,
      3.075331462464617,
      4.950307196562835,
      5.1649400694508,
      6.461221625492302,
      6.730292751417302,
      7.33038224888208,
      7.914106320967055,
      9.399118405739722,
      9.710673956211034,
      11.701860706913557,
      11.967683571784464,
      9.93257906256673,
      10.128915138049816
    ],
    [
      0,
      0.9069244539921232,
      2.8370526315789473,
      3.075331462464617,
      4.769824922778858,
      5.148532590015893,
      6.2151094339686965,
      6.63184787480786,
      7.33038224888208,
      7.914106320967055,
      9.087376296476489,
      9.513784202992149,
      11.701860706913557,
      11.967683571784464,
      10.539655801658288,
      10.735991877141375
    ],
    [
      3.9533080524344557,
      4.860232506426581,
      1.8916963581707071,
      3.075331462464617,
      4.950307196562835,
      5.1649400694508,
      6.461221625492302,
      6.730292751417302,
      7.33038224888208,
      7.914106320967055,
      9.399118405739722,
      9.710673956211034,
      11.701860706913557,
      11.967683571784464,
      9.93257906256673,
      10.128915138049816
    ],
    [
      0,
      0.9069244539921232,
      3.1206048770694337,
      3.778541031281024,
      5.028509202121715,
      5.571478537813685,
      6.6809076828139435,
      6.949978808738944,
      7.412466364583081,
      7.996190436668057,
      9.317034290038722,
      9.628589840510033,
      11.701860706913557,
      11.967683571784464,
      10.260915525370734,
      10.457251600853821
    ],
    [
      0,
      0.9069244539921232,
      2.8370526315789473,
      3.075331462464617,
      4.458456338193737,
      4.673089211081702,
      6.395641511043088,
      6.664712636968089,
      7.33038224888208,
      7.914106320967055,
      9.022032747656747,
      9.333588298128058,
      12.144526479445746,
      12.410349344316653,
      9.93257906256673,
      10.128915138049816
    ]
  ],